<application>
  <component name="CodeInsightSettings">
    <option name="USE_INSTANCEOF_ON_EQUALS_PARAMETER" value="true" />
  </component>
  <component name="EditorSettings">
    <option name="SHOW_INTENTION_PREVIEW" value="true" />
    <option name="IS_WHEEL_FONTCHANGE_ENABLED" value="true" />
    <option name="IS_WHEEL_FONTCHANGE_PERSISTENT" value="true" />
  </component>
  <component name="TodoConfiguration">
    <pattern pattern="\btodo\b.*" />
    <pattern pattern="\bfixme\b.*" />
  </component>
</application>